{"graph_0": {"_type": "graph-file", "path": "media/graph/graph_0_summary_b87b03ca81128ef3d194.graph.json", "sha256": "b87b03ca81128ef3d194dc44ffc7c9e244042b297850ac3b1531d9d92559834d", "size": 7944}, "Train Loss": 1.240769863128662, "Train Acc": 0.6257102489471436, "_runtime": 128, "_timestamp": 1625801119, "_step": 8, "Epoch": 1, "Epoch Train Loss": 1.3102221389611561, "Epoch Train Acc": 58.561197916666664}