{"graph_0": {"_type": "graph-file", "path": "media/graph/graph_0_summary_73a71cffff44946cccf0.graph.json", "sha256": "73a71cffff44946cccf0773542a1d3a79f69d380ba0a5ffe72423401531534f6", "size": 7944}, "Train Loss": 1.3345197439193726, "Train Acc": 0.6197916865348816, "_runtime": 224, "_timestamp": 1625802934, "_step": 13, "Epoch": 2, "Epoch Train Loss": 1.308054784933726, "Epoch Train Acc": 58.821614583333336, "Valid Loss": 7.7961814403533936, "Valid Acc": 0.60546875, "Epoch Valid Loss": 1.3130354285240173, "Epoch Valid Acc": 59.1796875}