{"graph_0": {"_type": "graph-file", "path": "media/graph/graph_0_summary_731aa31abfc0045b71cb.graph.json", "sha256": "731aa31abfc0045b71cb13e1751e5436cc2319aef6698b9e31ce1988a111454d", "size": 7944}, "Train Loss": 1.264207363128662, "Train Acc": 0.64453125, "_runtime": 1147, "_timestamp": 1625804199, "_step": 76, "Epoch": 10, "Epoch Train Loss": 1.2902489552895229, "Epoch Train Acc": 61.458333333333336, "Valid Loss": 7.874306082725525, "Valid Acc": 0.5924479365348816, "Epoch Valid Loss": 1.3188947588205338, "Epoch Valid Acc": 58.59375}