{"graph_0": {"_type": "graph-file", "path": "media/graph/graph_0_summary_441fbf1c6655d6b7537a.graph.json", "sha256": "441fbf1c6655d6b7537a33619976c379f3c1b2ab5bdf2fd97bc4ac01788e87d2", "size": 7944}, "Train Loss": 1.2954572439193726, "Train Acc": 0.6034226417541504, "_runtime": 178, "_timestamp": 1625801346, "_step": 10, "Epoch": 1, "Epoch Train Loss": 1.2964515288670857, "Epoch Train Acc": 60.026041666666664}