{"graph_0": {"_type": "graph-file", "path": "media/graph/graph_0_summary_f468a01000d8d92dc048.graph.json", "sha256": "f468a01000d8d92dc048d276537c0d5c23e671ad2e0e840252ecb276965c54e3", "size": 7944}, "Train Loss": 1.2876447439193726, "Train Acc": 0.5944602489471436, "_runtime": 1051, "_timestamp": 1625805435, "_step": 68, "Epoch": 9, "Epoch Train Loss": 1.3016421993573506, "Epoch Train Acc": 60.319010416666664, "Valid Loss": 7.960243821144104, "Valid Acc": 0.578125, "Epoch Valid Loss": 1.3179182410240173, "Epoch Valid Acc": 58.69140625}