{"graph_0": {"_type": "graph-file", "path": "media/graph/graph_0_summary_b6bbddf2218b61ec77bb.graph.json", "sha256": "b6bbddf2218b61ec77bb80b2693d5f973070c46e297799926f3ba06ccbef1d1f", "size": 7944}, "Train Loss": 1.256394863128662, "Train Acc": 0.6082589626312256, "_runtime": 174, "_timestamp": 1625801907, "_step": 10, "Epoch": 1, "Epoch Train Loss": 1.2956933230161667, "Epoch Train Acc": 60.091145833333336}